-- USERS:
INSERT INTO users (id, nickname, age, first_name, last_name, email, avatar_url, registration_date) VALUES (1, 'ajoannidi0', 30, 'Ambrosius', 'Joannidi', 'ajoannidi0@prnewswire.com', 'https://robohash.org/providentetaccusantium.png?size=128x128&set=set1', '2015-04-11');
INSERT INTO users (id, nickname, age, first_name, last_name, email, avatar_url, registration_date) VALUES (2, 'kcolleford1', 31, 'Kare', 'Colleford', 'kcolleford1@cbsnews.com', 'https://robohash.org/rerumverovoluptatem.bmp?size=128x128&set=set1', '2013-12-31');
INSERT INTO users (id, nickname, age, first_name, last_name, email, avatar_url, registration_date) VALUES (3, 'byanshonok2', 42, 'Blanch', 'Yanshonok', 'byanshonok2@dedecms.com', 'https://robohash.org/illoetquis.bmp?size=128x128&set=set1', '2017-02-11');
INSERT INTO users (id, nickname, age, first_name, last_name, email, avatar_url, registration_date) VALUES (4, 'kcrumpton3', 36, 'Katharine', 'Crumpton', 'kcrumpton3@addthis.com', 'https://robohash.org/laudantiumquisarchitecto.png?size=128x128&set=set1', '2013-02-05');
INSERT INTO users (id, nickname, age, first_name, last_name, email, avatar_url, registration_date) VALUES (5, 'cconeau4', 22, 'Cull', 'Coneau', 'cconeau4@yandex.ru', 'https://robohash.org/delectussitea.png?size=128x128&set=set1', '2012-02-20');
INSERT INTO users (id, nickname, age, first_name, last_name, email, avatar_url, registration_date) VALUES (6, 'dmoffet5', 30, 'Dyna', 'Moffet', 'dmoffet5@is.gd', 'https://robohash.org/quaeratsolutaconsequatur.jpg?size=128x128&set=set1', '2015-01-19');
INSERT INTO users (id, nickname, age, first_name, last_name, email, avatar_url, registration_date) VALUES (7, 'fartingstall6', 16, 'Ferris', 'Artingstall', 'fartingstall6@whitehouse.gov', 'https://robohash.org/excepturirationefugit.png?size=128x128&set=set1', '2011-03-09');
INSERT INTO users (id, nickname, age, first_name, last_name, email, avatar_url, registration_date) VALUES (8, 'nheggs7', 34, 'Nero', 'Heggs', 'nheggs7@go.com', 'https://robohash.org/debitisaperiamincidunt.png?size=128x128&set=set1', '2018-03-25');
INSERT INTO users (id, nickname, age, first_name, last_name, email, avatar_url, registration_date) VALUES (9, 'dsulland8', 30, 'Doralynn', 'Sulland', 'dsulland8@over-blog.com', 'https://robohash.org/quodeumhic.png?size=128x128&set=set1', '2010-05-13');
INSERT INTO users (id, nickname, age, first_name, last_name, email, avatar_url, registration_date) VALUES (10, 'gkennewell9', 14, 'Gretel', 'Kennewell', 'gkennewell9@ihg.com', 'https://robohash.org/temporeipsamnon.bmp?size=128x128&set=set1', '2016-07-12');
INSERT INTO users (id, nickname, age, first_name, last_name, email, avatar_url, registration_date) VALUES (11, 'aboothroyda', 29, 'Adam', 'Boothroyd', 'aboothroyda@deviantart.com', 'https://robohash.org/etquoet.jpg?size=128x128&set=set1', '2013-07-27');
INSERT INTO users (id, nickname, age, first_name, last_name, email, avatar_url, registration_date) VALUES (12, 'radamovskyb', 47, 'Risa', 'Adamovsky', 'radamovskyb@chron.com', 'https://robohash.org/pariaturquisquod.jpg?size=128x128&set=set1', '2014-06-16');
INSERT INTO users (id, nickname, age, first_name, last_name, email, avatar_url, registration_date) VALUES (13, 'ntofanellic', 40, 'Nick', 'Tofanelli', 'ntofanellic@reverbnation.com', 'https://robohash.org/addictanumquam.png?size=128x128&set=set1', '2011-04-14');
INSERT INTO users (id, nickname, age, first_name, last_name, email, avatar_url, registration_date) VALUES (14, 'nshrimplind', 26, 'Nealon', 'Shrimplin', 'nshrimplind@behance.net', 'https://robohash.org/eaquefugaconsectetur.bmp?size=128x128&set=set1', '2018-03-23');
INSERT INTO users (id, nickname, age, first_name, last_name, email, avatar_url, registration_date) VALUES (15, 'ghoulde', 45, 'Gladi', 'Hould', 'ghoulde@etsy.com', 'https://robohash.org/etfaciliserror.png?size=128x128&set=set1', '2016-06-04');

-- MESSAGES:
INSERT INTO messages (id, sender_id, receiver_id, text, creation_date) VALUES (1, 7, 13, 'duis at velit eu est congue elementum in hac habitasse platea dictumst morbi vestibulum velit id pretium', '2012-07-12');
INSERT INTO messages (id, sender_id, receiver_id, text, creation_date) VALUES (2, 11, 3, 'et ultrices posuere cubilia curae nulla dapibus dolor vel est donec odio justo sollicitudin', '2017-09-07');
INSERT INTO messages (id, sender_id, receiver_id, text, creation_date) VALUES (3, 12, 10, 'pede ac diam cras pellentesque volutpat dui maecenas tristique est et tempus semper est quam pharetra magna ac', '2012-10-08');
INSERT INTO messages (id, sender_id, receiver_id, text, creation_date) VALUES (4, 12, 5, 'volutpat convallis morbi odio odio elementum eu interdum eu tincidunt in leo maecenas pulvinar lobortis est phasellus sit amet', '2016-04-21');
INSERT INTO messages (id, sender_id, receiver_id, text, creation_date) VALUES (5, 6, 12, 'lectus aliquam sit amet diam in magna bibendum imperdiet nullam orci pede venenatis', '2015-03-22');
INSERT INTO messages (id, sender_id, receiver_id, text, creation_date) VALUES (6, 6, 1, 'donec ut mauris eget massa tempor convallis nulla neque libero convallis eget eleifend', '2014-06-07');
INSERT INTO messages (id, sender_id, receiver_id, text, creation_date) VALUES (7, 3, 1, 'consequat in consequat ut nulla sed accumsan felis ut at dolor quis odio consequat varius integer ac leo pellentesque', '2020-07-23');
INSERT INTO messages (id, sender_id, receiver_id, text, creation_date) VALUES (8, 13, 2, 'vel enim sit amet nunc viverra dapibus nulla suscipit ligula in lacus curabitur at', '2016-11-17');
INSERT INTO messages (id, sender_id, receiver_id, text, creation_date) VALUES (9, 14, 5, 'faucibus orci luctus et ultrices posuere cubilia curae duis faucibus accumsan odio curabitur convallis duis consequat', '2015-12-31');
INSERT INTO messages (id, sender_id, receiver_id, text, creation_date) VALUES (10, 2, 2, 'amet sem fusce consequat nulla nisl nunc nisl duis bibendum felis sed interdum venenatis turpis', '2020-04-18');
INSERT INTO messages (id, sender_id, receiver_id, text, creation_date) VALUES (11, 5, 13, 'at nibh in hac habitasse platea dictumst aliquam augue quam sollicitudin vitae consectetuer eget rutrum at lorem integer tincidunt', '2018-08-28');
INSERT INTO messages (id, sender_id, receiver_id, text, creation_date) VALUES (12, 9, 6, 'id massa id nisl venenatis lacinia aenean sit amet justo', '2018-02-08');
INSERT INTO messages (id, sender_id, receiver_id, text, creation_date) VALUES (13, 10, 5, 'blandit ultrices enim lorem ipsum dolor sit amet consectetuer adipiscing elit', '2013-10-21');
INSERT INTO messages (id, sender_id, receiver_id, text, creation_date) VALUES (14, 2, 3, 'et eros vestibulum ac est lacinia nisi venenatis tristique fusce', '2017-08-20');
INSERT INTO messages (id, sender_id, receiver_id, text, creation_date) VALUES (15, 4, 10, 'sapien sapien non mi integer ac neque duis bibendum morbi non quam', '2016-10-20');
INSERT INTO messages (id, sender_id, receiver_id, text, creation_date) VALUES (16, 1, 10, 'urna pretium nisl ut volutpat sapien arcu sed augue aliquam erat volutpat in congue etiam justo etiam pretium iaculis justo', '2013-10-06');
INSERT INTO messages (id, sender_id, receiver_id, text, creation_date) VALUES (17, 1, 9, 'id justo sit amet sapien dignissim vestibulum vestibulum ante ipsum primis in faucibus orci luctus et', '2015-01-19');
INSERT INTO messages (id, sender_id, receiver_id, text, creation_date) VALUES (18, 13, 2, 'donec posuere metus vitae ipsum aliquam non mauris morbi non lectus aliquam sit amet diam in magna bibendum imperdiet', '2015-07-31');
INSERT INTO messages (id, sender_id, receiver_id, text, creation_date) VALUES (19, 5, 3, 'vestibulum velit id pretium iaculis diam erat fermentum justo nec condimentum neque sapien', '2013-12-01');
INSERT INTO messages (id, sender_id, receiver_id, text, creation_date) VALUES (20, 10, 1, 'id lobortis convallis tortor risus dapibus augue vel accumsan tellus nisi eu orci mauris lacinia sapien quis libero nullam sit', '2013-11-11');
INSERT INTO messages (id, sender_id, receiver_id, text, creation_date) VALUES (21, 12, 8, 'magnis dis parturient montes nascetur ridiculus mus vivamus vestibulum sagittis sapien cum sociis', '2014-11-05');
INSERT INTO messages (id, sender_id, receiver_id, text, creation_date) VALUES (22, 6, 12, 'egestas metus aenean fermentum donec ut mauris eget massa tempor convallis null libero convallis eget eleifend luctus ultricies eu', '2019-07-05');
INSERT INTO messages (id, sender_id, receiver_id, text, creation_date) VALUES (23, 8, 8, 'id massa id nisl venenatis lacinia aenean sit amet justo', '2015-06-06');
INSERT INTO messages (id, sender_id, receiver_id, text, creation_date) VALUES (24, 9, 14, 'tincidunt in leo maecenas pulvinar lobortis est phasellus sit amet erat nulla tempus vivamus in felis', '2017-05-02');
INSERT INTO messages (id, sender_id, receiver_id, text, creation_date) VALUES (25, 7, 6, 'augue luctus tincidunt nulla mollis molestie lorem quisque ut erat curabitur gravida nisi at nibh in hac habitasse platea', '2015-05-13');
INSERT INTO messages (id, sender_id, receiver_id, text, creation_date) VALUES (26, 2, 14, 'parturient montes nascetur ridiculus mus vivamus vestibulum sagittis sapien cum sociis natoque penatibus et magnis dis parturient', '2013-05-09');
INSERT INTO messages (id, sender_id, receiver_id, text, creation_date) VALUES (27, 13, 2, 'sed lacus morbi sem mauris laoreet ut rhoncus aliquet pulvinar sed nisl nunc rhoncus dui', '2012-11-27');
INSERT INTO messages (id, sender_id, receiver_id, text, creation_date) VALUES (28, 11, 7, 'ut suscipit a feugiat et eros vestibulum ac est lacinia nisi venenatis tristique fusce congue diam id', '2014-06-23');
INSERT INTO messages (id, sender_id, receiver_id, text, creation_date) VALUES (29, 12, 15, 'montes nascetur ridiculus mus etiam vel augue vestibulum rutrum rutrum neque aenean auctor gravida', '2012-06-25');
INSERT INTO messages (id, sender_id, receiver_id, text, creation_date) VALUES (30, 11, 2, 'cras mi pede malesuada in imperdiet et commodo vulputate justo in blandit ultrices enim lorem ipsum dolor sit', '2015-10-27');

-- MESSAGE_ATTACHMENTS:
INSERT INTO message_attachments (id, message_id, photo_url) VALUES (1, 6, 'http://dummyimage.com/631x952.jpg/dddddd/000000');
INSERT INTO message_attachments (id, message_id, photo_url) VALUES (2, 22, 'http://dummyimage.com/677x964.png/5fa2dd/ffffff');
INSERT INTO message_attachments (id, message_id, photo_url) VALUES (3, 3, 'http://dummyimage.com/176x190.png/cc0000/ffffff');
INSERT INTO message_attachments (id, message_id, photo_url) VALUES (4, 19, 'http://dummyimage.com/901x896.png/ff4444/ffffff');
INSERT INTO message_attachments (id, message_id, photo_url) VALUES (5, 9, 'http://dummyimage.com/874x714.png/cc0000/ffffff');
INSERT INTO message_attachments (id, message_id, photo_url) VALUES (6, 16, 'http://dummyimage.com/288x302.bmp/dddddd/000000');
INSERT INTO message_attachments (id, message_id, photo_url) VALUES (7, 8, 'http://dummyimage.com/1020x946.jpg/ff4444/ffffff');
INSERT INTO message_attachments (id, message_id, photo_url) VALUES (8, 25, 'http://dummyimage.com/446x438.bmp/dddddd/000000');
INSERT INTO message_attachments (id, message_id, photo_url) VALUES (9, 20, 'http://dummyimage.com/892x411.bmp/5fa2dd/ffffff');
INSERT INTO message_attachments (id, message_id, photo_url) VALUES (10, 18, 'http://dummyimage.com/380x502.png/dddddd/000000');
INSERT INTO message_attachments (id, message_id, photo_url) VALUES (11, 7, 'http://dummyimage.com/871x754.bmp/ff4444/ffffff');
INSERT INTO message_attachments (id, message_id, photo_url) VALUES (12, 3, 'http://dummyimage.com/141x472.bmp/cc0000/ffffff');
INSERT INTO message_attachments (id, message_id, photo_url) VALUES (13, 5, 'http://dummyimage.com/443x920.bmp/dddddd/000000');
INSERT INTO message_attachments (id, message_id, photo_url) VALUES (14, 26, 'http://dummyimage.com/546x362.bmp/dddddd/000000');
INSERT INTO message_attachments (id, message_id, photo_url) VALUES (15, 22, 'http://dummyimage.com/270x553.bmp/dddddd/000000');

-- REPORTS:
INSERT INTO reports (id, user_id, note, creation_date) VALUES (1, 2, 'viverra eget congue eget semper rutrum nulla nunc purus phasellus in felis donec semper sapien a libero nam dui', '2016-06-17');
INSERT INTO reports (id, user_id, note, creation_date) VALUES (2, 7, 'lorem ipsum dolor sit amet consectetuer adipiscing elit proin interdum mauris non ligula pellentesque ultrices phasellus id sapien in sapien iaculis', '2018-12-15');
INSERT INTO reports (id, user_id, note, creation_date) VALUES (3, 15, 'congue vivamus metus arcu adipiscing molestie hendrerit at vulputate vitae nisl aenean lectus pellentesque eget nunc donec quis orci eget orci vehicula', '2016-09-22');
INSERT INTO reports (id, user_id, note, creation_date) VALUES (4, 1, 'diam erat fermentum justo nec condimentum neque sapien placerat ante nulla justo aliquam quis turpis eget elit', '2016-01-02');
INSERT INTO reports (id, user_id, note, creation_date) VALUES (5, 10, 'elementum in hac habitasse platea dictumst morbi vestibulum velit id pretium iaculis diam erat fermentum justo nec condimentum neque sapien placerat ante nulla justo aliquam quis turpis eget elit sodales scelerisque', '2018-12-22');
INSERT INTO reports (id, user_id, note, creation_date) VALUES (6, 9, 'vitae ipsum aliquam non mauris morbi non lectus aliquam sit amet diam in magna bibendum imperdiet nullam orci', '2016-06-02');
INSERT INTO reports (id, user_id, note, creation_date) VALUES (7, 2, 'lacus at feugiat non pretium quis lectus suspendisse potenti in eleifend quam a odio in hac habitasse platea dictumst maecenas ut massa quis augue', '2015-04-22');
INSERT INTO reports (id, user_id, note, creation_date) VALUES (8, 3, 'pede ullamcorper augue a suscipit nulla elit ac nulla sed vel enim sit amet nunc viverra', '2015-11-20');
INSERT INTO reports (id, user_id, note, creation_date) VALUES (9, 15, 'cras mi pede malesuada in imperdiet et commodo vulputate justo in', '2016-07-03');
INSERT INTO reports (id, user_id, note, creation_date) VALUES (10, 8, 'vitae nisl aenean lectus pellentesque eget nunc donec quis orci eget orci vehicula condimentum curabitur in libero ut', '2020-10-31');
INSERT INTO reports (id, user_id, note, creation_date) VALUES (11, 12, 'odio justo sollicitudin ut suscipit a feugiat et eros vestibulum ac est lacinia nisi venenatis tristique fusce congue diam id', '2016-07-18');
INSERT INTO reports (id, user_id, note, creation_date) VALUES (12, 15, 'curabitur at ipsum ac tellus semper interdum mauris ullamcorper purus sit amet nulla quisque arcu libero rutrum ac lobortis vel', '2015-03-14');
INSERT INTO reports (id, user_id, note, creation_date) VALUES (13, 9, 'lacus morbi quis tortor id nulla ultrices aliquet maecenas leo odio condimentum id luctus nec molestie', '2015-05-01');
INSERT INTO reports (id, user_id, note, creation_date) VALUES (14, 15, 'lorem ipsum dolor sit amet consectetuer elit praesent lectus quam sapien varius ut blandit non interdum in ante vestibulum ante ipsum primis in', '2020-10-02');
INSERT INTO reports (id, user_id, note, creation_date) VALUES (15, 7, 'ligula nec sem duis convallis nunc proin at turpis a pede posuere nonummy integer non velit donec diam neque vestibulum eget vulputate ut ultrices vel augue vestibulum ante ipsum primis in faucibus orci', '2017-05-06');
INSERT INTO reports (id, user_id, note, creation_date) VALUES (16, 15, 'rhoncus dui vel sem sed sagittis nam congue risus semper porta volutpat quam pede lobortis ligula sit amet eleifend pede libero quis orci nullam molestie nibh in lectus pellentesque at', '2018-09-20');
INSERT INTO reports (id, user_id, note, creation_date) VALUES (17, 11, 'duis ac nibh fusce lacus purus aliquet at feugiat non pretium quis lectus suspendisse potenti in eleifend quam a odio in', '2018-12-27');
INSERT INTO reports (id, user_id, note, creation_date) VALUES (18, 11, 'vel nulla eget eros elementum pellentesque quisque porta volutpat erat quisque', '2016-12-04');
INSERT INTO reports (id, user_id, note, creation_date) VALUES (19, 9, 'gravida nisi at nibh in hac habitasse platea dictumst aliquam augue quam sollicitudin vitae', '2019-07-29');

-- GROUPS:
INSERT INTO groups (id, verified, name, description) VALUES (1, false, 'GetMotivated', 'a libero nam dui proin leo odio porttitor id consequat in consequat ut nulla sed accumsan felis');
INSERT INTO groups (id, verified, name, description) VALUES (2, false, 'MadeMeSmile', 'bibendum imperdiet nullam orci pede venenatis non sodales sed tincidunt eu felis fusce posuere');
INSERT INTO groups (id, verified, name, description) VALUES (3, true, 'me_irl', 'semper rutrum nulla nunc purus phasellus in felis donec semper sapien a libero nam');
INSERT INTO groups (id, verified, name, description) VALUES (4, false, 'coolguides', 'leo maecenas pulvinar lobortis est phasellus sit amet erat nulla tempus vivamus in');
INSERT INTO groups (id, verified, name, description) VALUES (5, false, 'ThatsInsane', 'posuere cubilia curae nulla dapibus dolor vel est donec odio justo sollicitudin ut suscipit a feugiat et eros vestibulum');
INSERT INTO groups (id, verified, name, description) VALUES (6, true, 'Unexpected', 'maecenas pulvinar lobortis est phasellus sit amet erat nulla tempus vivamus in felis eu sapien cursus vestibulum proin eu');
INSERT INTO groups (id, verified, name, description) VALUES (7, false, 'Habr', 'donec diam neque vestibulum eget vulputate ut ultrices vel augue vestibulum ante ipsum primis');
INSERT INTO groups (id, verified, name, description) VALUES (8, true, 'DTF', 'faucibus orci luctus et ultrices posuere cubilia curae donec pharetra magna vestibulum');
INSERT INTO groups (id, verified, name, description) VALUES (9, true, 'Ariana Grande Fans', 'neque libero convallis eget eleifend luctus ultricies eu nibh quisque id justo sit amet sapien');
INSERT INTO groups (id, verified, name, description) VALUES (10, true, 'SwiftBook', 'dictumst maecenas ut massa quis augue luctus tincidunt nulla mollis molestie lorem quisque ut erat curabitur');
INSERT INTO groups (id, verified, name, description) VALUES (11, true, 'Dribbble', 'libero nam dui proin leo odio porttitor id consequat in consequat');
INSERT INTO groups (id, verified, name, description) VALUES (12, false, 'ProgHub', 'pede morbi porttitor lorem id ligula suspendisse ornare consequat lectus');
INSERT INTO groups (id, verified, name, description) VALUES (13, false, 'Fragstore', 'accumsan tortor quis turpis sed ante vivamus tortor duis mattis egestas metus aenean fermentum donec ut mauris eget');
INSERT INTO groups (id, verified, name, description) VALUES (14, false, 'Stopgame', 'nonummy integer non velit donec diam neque vestibulum eget vulputate ut ultrices vel augue vestibulum ante ipsum');
INSERT INTO groups (id, verified, name, description) VALUES (15, true, 'OldSchoolCool', 'penatibus et magnis dis parturient montes nascetur ridiculus mus etiam');

-- BOTS:
INSERT INTO bots (id, nickname, description) VALUES (1, 'Zvukozavr', 'curabitur in libero ut massa volutpat convallis morbi odio odio');
INSERT INTO bots (id, nickname, description) VALUES (2, 'WikiBot', 'leo odio porttitor id consequat in consequat ut nulla sed accumsan felis');
INSERT INTO bots (id, nickname, description) VALUES (3, 'StoreBot', 'semper porta volutpat quam pede lobortis ligula sit amet eleifend pede libero quis orci nullam molestie nibh');
INSERT INTO bots (id, nickname, description) VALUES (4, 'CryptoBot', 'sollicitudin mi sit amet lobortis sapien sapien non mi integer ac neque');
INSERT INTO bots (id, nickname, description) VALUES (5, 'DeLorean', 'velit vivamus vel nulla eget eros elementum pellentesque quisque porta volutpat erat quisque erat eros viverra eget congue eget semper');
INSERT INTO bots (id, nickname, description) VALUES (6, 'PollBot', 'posuere cubilia curae nulla dapibus dolor vel est donec odio justo');
INSERT INTO bots (id, nickname, description) VALUES (7, 'Skeddy', 'cum sociis natoque penatibus et magnis dis parturient montes nascetur ridiculus');
INSERT INTO bots (id, nickname, description) VALUES (8, 'Against Humanity', 'potenti in eleifend quam a odio in hac habitasse platea dictumst maecenas');
INSERT INTO bots (id, nickname, description) VALUES (9, 'VoteBot', 'ligula in lacus curabitur at ipsum ac tellus semper interdum mauris ullamcorper purus sit amet nulla quisque');
INSERT INTO bots (id, nickname, description) VALUES (10, 'Yandex.Translate', 'porttitor pede justo eu massa donec dapibus duis at velit eu est congue elementum');
INSERT INTO bots (id, nickname, description) VALUES (11, 'TranslateBot', 'porta volutpat quam pede lobortis ligula sit amet eleifend pede libero quis orci nullam molestie nibh in lectus');
INSERT INTO bots (id, nickname, description) VALUES (12, 'Eddy Travels', 'tristique est et tempus semper est quam pharetra magna ac consequat metus');
INSERT INTO bots (id, nickname, description) VALUES (13, 'NotifyBot', 'luctus et ultrices posuere cubilia curae mauris viverra diam vitae quam suspendisse potenti nullam porttitor lacus at');
INSERT INTO bots (id, nickname, description) VALUES (14, 'AllMention', 'odio porttitor id consequat in consequat ut nulla sed accumsan felis ut at dolor quis odio consequat varius integer');
INSERT INTO bots (id, nickname, description) VALUES (15, 'AntiBot', 'lorem id ligula suspendisse ornare consequat lectus in est risus auctor sed tristique in tempus sit');

-- POSTS:
INSERT INTO posts (id, owner_id, title, text, creation_date) VALUES (1, 6, 'potenti nullam porttitor lacus at turpis donec posuere', 'eu interdum eu tincidunt in leo maecenas pulvinar lobortis est phasellus sit amet erat nulla tempus vivamus in felis eu sapien cursus vestibulum proin eu mi nulla ac enim in tempor turpis nec euismod', '2017-10-22');
INSERT INTO posts (id, owner_id, title, text, creation_date) VALUES (2, 6, 'nam ultrices libero non mattis pulvinar nulla pede ullamcorper augue', 'congue vivamus metus arcu adipiscing molestie hendrerit at vulputate vitae', '2014-10-22');
INSERT INTO posts (id, owner_id, title, text, creation_date) VALUES (3, 13, 'dolor sit amet consectetuer adipiscing elit proin risus praesent', 'aliquam erat volutpat in congue etiam justo etiam pretium iaculis justo in hac habitasse platea dictumst etiam faucibus cursus urna ut tellus nulla ut erat id mauris vulputate elementum nullam varius nulla facilisi cras non', '2016-08-14');
INSERT INTO posts (id, owner_id, title, text, creation_date) VALUES (4, 13, 'magnis dis parturient montes nascetur ridiculus', 'amet consectetuer adipiscing elit proin risus praesent lectus vestibulum quam sapien varius ut blandit non interdum in', '2010-08-06');
INSERT INTO posts (id, owner_id, title, text, creation_date) VALUES (5, 9, 'nisi nam ultrices libero non mattis pulvinar', 'in hac habitasse platea dictumst maecenas ut massa quis augue luctus tincidunt nulla mollis molestie lorem quisque ut erat curabitur gravida nisi at nibh in hac habitasse platea dictumst aliquam augue quam sollicitudin vitae consectetuer eget rutrum at lorem integer', '2018-10-16');
INSERT INTO posts (id, owner_id, title, text, creation_date) VALUES (6, 14, 'tristique fusce congue diam id ornare imperdiet sapien', 'erat curabitur gravida nisi at nibh in hac habitasse platea dictumst aliquam augue quam sollicitudin vitae consectetuer eget rutrum at lorem integer tincidunt ante vel ipsum praesent blandit lacinia erat vestibulum sed', '2013-05-25');
INSERT INTO posts (id, owner_id, title, text, creation_date) VALUES (7, 10, 'convallis tortor risus dapibus augue vel accumsan', 'libero quis orci nullam molestie nibh in lectus pellentesque at nulla suspendisse potenti cras in purus eu magna vulputate luctus cum sociis natoque penatibus et magnis dis parturient montes nascetur ridiculus mus vivamus vestibulum sagittis sapien cum sociis natoque', '2014-04-03');
INSERT INTO posts (id, owner_id, title, text, creation_date) VALUES (8, 5, 'erat volutpat in congue etiam justo etiam pretium iaculis justo', 'ante ipsum primis in faucibus orci luctus et ultrices posuere cubilia curae nulla dapibus dolor vel est donec odio justo sollicitudin ut suscipit a feugiat et', '2014-06-26');
INSERT INTO posts (id, owner_id, title, text, creation_date) VALUES (9, 4, 'quam pede lobortis ligula sit amet eleifend', 'turpis nec euismod scelerisque quam turpis adipiscing lorem vitae mattis nibh ligula nec sem duis aliquam convallis nunc proin at turpis a pede posuere nonummy integer non velit donec diam neque', '2012-12-16');
INSERT INTO posts (id, owner_id, title, text, creation_date) VALUES (10, 5, 'convallis duis consequat dui nec nisi volutpat', 'in imperdiet et commodo vulputate justo in blandit ultrices enim lorem ipsum dolor sit amet consectetuer adipiscing elit proin interdum', '2018-06-05');
INSERT INTO posts (id, owner_id, title, text, creation_date) VALUES (11, 6, 'convallis morbi odio odio elementum', 'nisl ut volutpat sapien arcu sed augue aliquam erat volutpat in congue etiam justo etiam pretium iaculis justo in hac habitasse platea dictumst etiam faucibus cursus urna ut tellus nulla ut erat id mauris vulputate elementum nullam varius', '2015-03-10');
INSERT INTO posts (id, owner_id, title, text, creation_date) VALUES (12, 14, 'aenean fermentum donec ut mauris eget', 'dui luctus rutrum nulla tellus in sagittis dui vel nisl duis ac nibh fusce lacus purus aliquet at', '2014-05-23');
INSERT INTO posts (id, owner_id, title, text, creation_date) VALUES (13, 11, 'vel enim sit amet nunc viverra dapibus', 'dis parturient montes nascetur ridiculus mus vivamus vestibulum sagittis sapien cum sociis natoque penatibus et magnis dis parturient', '2010-05-25');
INSERT INTO posts (id, owner_id, title, text, creation_date) VALUES (14, 2, 'erat nulla tempus vivamus in felis eu', 'libero convallis eget eleifend luctus ultricies eu nibh quisque id justo sit amet sapien dignissim vestibulum vestibulum ante ipsum primis in faucibus orci luctus et ultrices posuere cubilia curae nulla', '2014-02-08');
INSERT INTO posts (id, owner_id, title, text, creation_date) VALUES (15, 9, 'aenean sit amet justo morbi ut odio cras mi', 'odio elementum eu interdum eu tincidunt in leo maecenas pulvinar lobortis est phasellus sit amet erat nulla tempus vivamus in felis eu sapien cursus', '2015-07-31');
INSERT INTO posts (id, owner_id, title, text, creation_date) VALUES (16, 10, 'risus dapibus augue vel accumsan', 'eu nibh quisque id justo sit amet sapien dignissim vestibulum vestibulum ante ipsum primis in faucibus orci luctus et ultrices posuere cubilia curae', '2018-04-30');
INSERT INTO posts (id, owner_id, title, text, creation_date) VALUES (17, 6, 'semper est quam pharetra magna ac consequat', 'nascetur ridiculus mus etiam vel augue vestibulum rutrum rutrum neque aenean', '2010-08-13');
INSERT INTO posts (id, owner_id, title, text, creation_date) VALUES (18, 12, 'morbi porttitor lorem id ligula', 'dictumst morbi vestibulum velit id pretium iaculis diam erat fermentum justo nec condimentum neque sapien placerat ante nulla justo aliquam quis turpis eget elit sodales scelerisque mauris sit amet eros suspendisse accumsan tortor quis turpis sed ante vivamus tortor', '2018-07-09');
INSERT INTO posts (id, owner_id, title, text, creation_date) VALUES (19, 11, 'sem praesent id massa id nisl', 'tristique in tempus sit amet sem fusce consequat nulla nisl nunc nisl duis bibendum felis sed interdum venenatis turpis enim blandit mi in porttitor pede justo eu', '2017-01-14');
INSERT INTO posts (id, owner_id, title, text, creation_date) VALUES (20, 11, 'nibh fusce lacus purus aliquet at feugiat', 'massa donec dapibus duis at velit eu est congue elementum in hac habitasse platea dictumst morbi vestibulum velit id pretium iaculis diam erat fermentum justo', '2013-09-28');
INSERT INTO posts (id, owner_id, title, text, creation_date) VALUES (21, 4, 'volutpat erat quisque erat eros viverra eget congue eget', 'orci pede venenatis non sodales sed tincidunt eu felis fusce posuere felis sed lacus morbi sem mauris laoreet ut rhoncus aliquet pulvinar sed nisl nunc rhoncus', '2015-07-24');
INSERT INTO posts (id, owner_id, title, text, creation_date) VALUES (22, 1, 'interdum venenatis turpis enim blandit mi in', 'curabitur in libero ut massa volutpat convallis morbi odio odio elementum eu interdum eu tincidunt in leo maecenas pulvinar lobortis est phasellus sit amet erat nulla tempus vivamus in felis eu sapien cursus vestibulum proin eu mi', '2019-06-20');
INSERT INTO posts (id, owner_id, title, text, creation_date) VALUES (23, 5, 'potenti nullam porttitor lacus at turpis', 'at velit vivamus vel nulla eget eros elementum pellentesque quisque porta volutpat erat quisque erat eros viverra eget congue eget', '2019-01-27');
INSERT INTO posts (id, owner_id, title, text, creation_date) VALUES (24, 4, 'in consequat ut nulla sed accumsan felis ut at dolor', 'nisl venenatis lacinia aenean sit amet justo morbi ut odio cras mi pede malesuada in imperdiet et commodo vulputate justo in blandit', '2019-05-23');
INSERT INTO posts (id, owner_id, title, text, creation_date) VALUES (25, 7, 'sapien varius ut blandit non interdum in ante', 'mi nulla ac enim in tempor turpis nec euismod scelerisque quam turpis adipiscing lorem vitae mattis nibh ligula nec sem duis aliquam convallis nunc proin at turpis a pede posuere nonummy', '2018-12-01');
INSERT INTO posts (id, owner_id, title, text, creation_date) VALUES (26, 4, 'congue diam id ornare imperdiet sapien', 'phasellus id sapien in sapien iaculis congue vivamus metus arcu adipiscing molestie hendrerit', '2017-01-21');
INSERT INTO posts (id, owner_id, title, text, creation_date) VALUES (27, 12, 'platea dictumst morbi vestibulum velit id', 'ante ipsum primis in faucibus orci luctus et ultrices posuere cubilia curae mauris viverra diam vitae quam suspendisse potenti nullam porttitor lacus at turpis donec posuere metus vitae ipsum aliquam non mauris morbi non lectus aliquam sit amet', '2015-12-05');
INSERT INTO posts (id, owner_id, title, text, creation_date) VALUES (28, 7, 'felis fusce posuere felis sed lacus morbi sem mauris laoreet', 'id nulla ultrices aliquet maecenas leo odio condimentum id luctus nec molestie sed justo pellentesque viverra pede ac diam cras pellentesque volutpat dui maecenas tristique est et tempus semper est quam pharetra magna ac consequat metus sapien ut nunc vestibulum', '2010-06-28');
INSERT INTO posts (id, owner_id, title, text, creation_date) VALUES (29, 12, 'cum sociis natoque penatibus et magnis dis parturient montes', 'pede lobortis ligula sit amet eleifend pede libero quis orci nullam molestie nibh in lectus pellentesque at nulla suspendisse potenti', '2016-09-20');
INSERT INTO posts (id, owner_id, title, text, creation_date) VALUES (30, 12, 'quam fringilla rhoncus mauris enim leo', 'sapien iaculis congue vivamus metus arcu adipiscing molestie hendrerit at vulputate vitae nisl aenean', '2015-09-28');

-- POST_PHOTOS:
INSERT INTO post_photos (id, post_id, photo_url) VALUES (1, 13, 'http://dummyimage.com/994x957.png/dddddd/000000');
INSERT INTO post_photos (id, post_id, photo_url) VALUES (2, 27, 'http://dummyimage.com/985x861.png/ff4444/ffffff');
INSERT INTO post_photos (id, post_id, photo_url) VALUES (3, 15, 'http://dummyimage.com/756x750.jpg/cc0000/ffffff');
INSERT INTO post_photos (id, post_id, photo_url) VALUES (4, 13, 'http://dummyimage.com/665x569.bmp/5fa2dd/ffffff');
INSERT INTO post_photos (id, post_id, photo_url) VALUES (5, 25, 'http://dummyimage.com/913x888.png/5fa2dd/ffffff');
INSERT INTO post_photos (id, post_id, photo_url) VALUES (6, 20, 'http://dummyimage.com/614x769.jpg/dddddd/000000');
INSERT INTO post_photos (id, post_id, photo_url) VALUES (7, 15, 'http://dummyimage.com/871x633.png/ff4444/ffffff');
INSERT INTO post_photos (id, post_id, photo_url) VALUES (8, 9, 'http://dummyimage.com/622x679.png/cc0000/ffffff');
INSERT INTO post_photos (id, post_id, photo_url) VALUES (9, 3, 'http://dummyimage.com/868x882.png/dddddd/000000');
INSERT INTO post_photos (id, post_id, photo_url) VALUES (10, 1, 'http://dummyimage.com/894x841.png/ff4444/ffffff');
INSERT INTO post_photos (id, post_id, photo_url) VALUES (11, 7, 'http://dummyimage.com/693x836.bmp/cc0000/ffffff');
INSERT INTO post_photos (id, post_id, photo_url) VALUES (12, 17, 'http://dummyimage.com/685x604.bmp/cc0000/ffffff');
INSERT INTO post_photos (id, post_id, photo_url) VALUES (13, 16, 'http://dummyimage.com/852x1022.png/ff4444/ffffff');
INSERT INTO post_photos (id, post_id, photo_url) VALUES (14, 11, 'http://dummyimage.com/949x683.bmp/dddddd/000000');
INSERT INTO post_photos (id, post_id, photo_url) VALUES (15, 5, 'http://dummyimage.com/1020x943.jpg/cc0000/ffffff');
INSERT INTO post_photos (id, post_id, photo_url) VALUES (16, 8, 'http://dummyimage.com/699x1023.bmp/5fa2dd/ffffff');
INSERT INTO post_photos (id, post_id, photo_url) VALUES (17, 12, 'http://dummyimage.com/584x585.jpg/cc0000/ffffff');
INSERT INTO post_photos (id, post_id, photo_url) VALUES (18, 19, 'http://dummyimage.com/805x935.jpg/5fa2dd/ffffff');
INSERT INTO post_photos (id, post_id, photo_url) VALUES (19, 16, 'http://dummyimage.com/734x995.bmp/ff4444/ffffff');
INSERT INTO post_photos (id, post_id, photo_url) VALUES (20, 13, 'http://dummyimage.com/654x890.jpg/ff4444/ffffff');

-- COMMENTS:
INSERT INTO comments (id, post_id, user_id, text, creation_date) VALUES (1, 4, 12, 'dis parturient montes nascetur ridiculus mus vivamus vestibulum sagittis sapien cum sociis natoque penatibus et magnis dis parturient montes nascetur ridiculus mus etiam vel augue vestibulum rutrum rutrum neque aenean auctor gravida sem praesent', '2011-02-26');
INSERT INTO comments (id, post_id, user_id, text, creation_date) VALUES (2, 15, 2, 'justo nec condimentum neque sapien placerat ante nulla justo aliquam quis turpis eget elit sodales scelerisque mauris sit amet eros suspendisse accumsan tortor quis turpis sed ante vivamus tortor duis mattis egestas metus', '2011-06-05');
INSERT INTO comments (id, post_id, user_id, text, creation_date) VALUES (3, 8, 7, 'velit vivamus vel nulla eget eros elementum pellentesque quisque porta volutpat erat quisque erat eros viverra eget congue eget semper rutrum nulla nunc purus phasellus in felis donec semper sapien a', '2011-06-16');
INSERT INTO comments (id, post_id, user_id, text, creation_date) VALUES (4, 8, 1, 'quam sollicitudin vitae consectetuer eget rutrum at lorem integer tincidunt ante vel ipsum praesent blandit lacinia erat vestibulum sed magna at nunc commodo placerat praesent blandit nam nulla integer pede justo lacinia', '2012-04-24');
INSERT INTO comments (id, post_id, user_id, text, creation_date) VALUES (5, 12, 6, 'dolor sit amet consectetuer adipiscing elit proin risus praesent lectus vestibulum quam sapien varius ut blandit non interdum in ante vestibulum ante ipsum primis in faucibus', '2014-03-02');
INSERT INTO comments (id, post_id, user_id, text, creation_date) VALUES (6, 4, 9, 'in quam fringilla rhoncus mauris enim leo rhoncus sed vestibulum sit amet cursus id turpis integer aliquet massa id lobortis convallis tortor risus dapibus augue vel accumsan tellus nisi eu orci', '2014-04-17');
INSERT INTO comments (id, post_id, user_id, text, creation_date) VALUES (7, 10, 6, 'convallis morbi odio odio elementum eu interdum eu tincidunt in leo maecenas pulvinar lobortis est phasellus sit amet erat nulla tempus vivamus in', '2013-09-24');
INSERT INTO comments (id, post_id, user_id, text, creation_date) VALUES (8, 2, 2, 'non ligula pellentesque ultrices phasellus id sapien in sapien iaculis congue vivamus metus arcu adipiscing molestie hendrerit at vulputate vitae nisl aenean lectus pellentesque eget nunc donec quis orci eget orci vehicula condimentum curabitur in', '2019-11-21');
INSERT INTO comments (id, post_id, user_id, text, creation_date) VALUES (9, 11, 6, 'quam pharetra magna ac consequat metus sapien ut nunc vestibulum ante ipsum primis in faucibus orci luctus et ultrices posuere cubilia curae mauris viverra diam vitae', '2012-06-02');
INSERT INTO comments (id, post_id, user_id, text, creation_date) VALUES (10, 14, 7, 'molestie nibh in lectus pellentesque at nulla suspendisse potenti cras in purus eu magna vulputate luctus', '2015-01-15');
INSERT INTO comments (id, post_id, user_id, text, creation_date) VALUES (11, 7, 4, 'id luctus nec molestie sed justo pellentesque viverra pede ac diam cras pellentesque volutpat dui maecenas tristique est et tempus semper est quam pharetra magna ac consequat metus sapien', '2014-10-10');
INSERT INTO comments (id, post_id, user_id, text, creation_date) VALUES (12, 8, 5, 'ipsum primis in faucibus orci luctus et ultrices posuere cubilia curae duis faucibus accumsan odio curabitur convallis duis consequat dui nec nisi volutpat eleifend donec ut dolor morbi vel lectus in', '2011-02-02');
INSERT INTO comments (id, post_id, user_id, text, creation_date) VALUES (13, 12, 14, 'morbi non lectus aliquam sit amet diam in magna bibendum imperdiet nullam orci pede venenatis non sodales sed tincidunt eu felis fusce posuere', '2012-01-21');
INSERT INTO comments (id, post_id, user_id, text, creation_date) VALUES (14, 10, 10, 'id ligula suspendisse ornare consequat lectus in est risus auctor sed tristique in tempus sit amet sem fusce consequat nulla nisl nunc nisl duis bibendum felis sed', '2019-06-22');
INSERT INTO comments (id, post_id, user_id, text, creation_date) VALUES (15, 14, 9, 'nulla eget eros elementum pellentesque quisque porta volutpat erat quisque erat eros viverra eget congue', '2015-09-02');
INSERT INTO comments (id, post_id, user_id, text, creation_date) VALUES (16, 10, 10, 'cubilia curae donec pharetra magna vestibulum aliquet ultrices erat tortor sollicitudin mi sit amet lobortis sapien sapien non mi integer ac neque duis bibendum morbi non quam nec dui luctus rutrum nulla tellus in', '2017-05-31');
INSERT INTO comments (id, post_id, user_id, text, creation_date) VALUES (17, 14, 12, 'in ante vestibulum ante ipsum primis in faucibus orci luctus et ultrices posuere cubilia curae duis faucibus accumsan odio curabitur convallis duis consequat dui nec nisi volutpat eleifend donec ut dolor morbi vel lectus in', '2012-05-24');
INSERT INTO comments (id, post_id, user_id, text, creation_date) VALUES (18, 4, 1, 'ut massa quis augue luctus tincidunt nulla mollis molestie lorem quisque ut erat curabitur gravida nisi at nibh in hac habitasse platea dictumst aliquam augue quam sollicitudin', '2014-02-21');
INSERT INTO comments (id, post_id, user_id, text, creation_date) VALUES (19, 6, 11, 'quis odio consequat varius integer ac leo pellentesque ultrices mattis odio donec vitae nisi nam ultrices libero non mattis pulvinar nulla pede ullamcorper augue a', '2020-05-28');
INSERT INTO comments (id, post_id, user_id, text, creation_date) VALUES (20, 13, 6, 'nibh in hac habitasse platea dictumst aliquam augue quam sollicitudin vitae consectetuer eget rutrum at lorem integer tincidunt ante vel ipsum praesent blandit lacinia erat', '2012-12-26');

-- GROUPS_TO_BOTS:
INSERT INTO groups_to_bots (group_id, bot_id) VALUES (4,13);
INSERT INTO groups_to_bots (group_id, bot_id) VALUES (5,11);
INSERT INTO groups_to_bots (group_id, bot_id) VALUES (1,7);
INSERT INTO groups_to_bots (group_id, bot_id) VALUES (9,15);
INSERT INTO groups_to_bots (group_id, bot_id) VALUES (15,3);
INSERT INTO groups_to_bots (group_id, bot_id) VALUES (2,1);
INSERT INTO groups_to_bots (group_id, bot_id) VALUES (7,14);
INSERT INTO groups_to_bots (group_id, bot_id) VALUES (6,9);
INSERT INTO groups_to_bots (group_id, bot_id) VALUES (3,10);
INSERT INTO groups_to_bots (group_id, bot_id) VALUES (8,2);
INSERT INTO groups_to_bots (group_id, bot_id) VALUES (12,5);
INSERT INTO groups_to_bots (group_id, bot_id) VALUES (14,6);
INSERT INTO groups_to_bots (group_id, bot_id) VALUES (11,4);
INSERT INTO groups_to_bots (group_id, bot_id) VALUES (10,8);
INSERT INTO groups_to_bots (group_id, bot_id) VALUES (13,12);
INSERT INTO groups_to_bots (group_id, bot_id) VALUES (7,5);
INSERT INTO groups_to_bots (group_id, bot_id) VALUES (10,1);
INSERT INTO groups_to_bots (group_id, bot_id) VALUES (15,12);
INSERT INTO groups_to_bots (group_id, bot_id) VALUES (4,3);
INSERT INTO groups_to_bots (group_id, bot_id) VALUES (8,15);

-- LIKES
INSERT INTO likes (user_id, post_id) VALUES (9,11);
INSERT INTO likes (user_id, post_id) VALUES (2,15);
INSERT INTO likes (user_id, post_id) VALUES (1,5);
INSERT INTO likes (user_id, post_id) VALUES (10,7);
INSERT INTO likes (user_id, post_id) VALUES (12,4);
INSERT INTO likes (user_id, post_id) VALUES (8,3);
INSERT INTO likes (user_id, post_id) VALUES (6,1);
INSERT INTO likes (user_id, post_id) VALUES (4,8);
INSERT INTO likes (user_id, post_id) VALUES (3,12);
INSERT INTO likes (user_id, post_id) VALUES (5,9);
INSERT INTO likes (user_id, post_id) VALUES (7,2);
INSERT INTO likes (user_id, post_id) VALUES (14,13);
INSERT INTO likes (user_id, post_id) VALUES (13,6);
INSERT INTO likes (user_id, post_id) VALUES (15,14);
INSERT INTO likes (user_id, post_id) VALUES (11,10);
INSERT INTO likes (user_id, post_id) VALUES (1,7);
INSERT INTO likes (user_id, post_id) VALUES (15,5);
INSERT INTO likes (user_id, post_id) VALUES (6,2);
INSERT INTO likes (user_id, post_id) VALUES (9,12);
INSERT INTO likes (user_id, post_id) VALUES (10,6);

-- USERS_TO_GROUPS:
INSERT INTO users_to_groups (user_id, group_id) VALUES (11, 15);
INSERT INTO users_to_groups (user_id, group_id) VALUES (1, 10);
INSERT INTO users_to_groups (user_id, group_id) VALUES (14, 6);
INSERT INTO users_to_groups (user_id, group_id) VALUES (7, 2);
INSERT INTO users_to_groups (user_id, group_id) VALUES (3, 8);
INSERT INTO users_to_groups (user_id, group_id) VALUES (2, 1);
INSERT INTO users_to_groups (user_id, group_id) VALUES (6, 4);
INSERT INTO users_to_groups (user_id, group_id) VALUES (2, 13);
INSERT INTO users_to_groups (user_id, group_id) VALUES (5, 4);
INSERT INTO users_to_groups (user_id, group_id) VALUES (15, 14);
INSERT INTO users_to_groups (user_id, group_id) VALUES (15, 2);
INSERT INTO users_to_groups (user_id, group_id) VALUES (10, 6);
INSERT INTO users_to_groups (user_id, group_id) VALUES (1, 8);
INSERT INTO users_to_groups (user_id, group_id) VALUES (10, 10);
INSERT INTO users_to_groups (user_id, group_id) VALUES (10, 15);
INSERT INTO users_to_groups (user_id, group_id) VALUES (14, 8);
INSERT INTO users_to_groups (user_id, group_id) VALUES (5, 6);
INSERT INTO users_to_groups (user_id, group_id) VALUES (4, 15);
INSERT INTO users_to_groups (user_id, group_id) VALUES (9, 12);
INSERT INTO users_to_groups (user_id, group_id) VALUES (7, 3);
INSERT INTO users_to_groups (user_id, group_id) VALUES (11, 7);
INSERT INTO users_to_groups (user_id, group_id) VALUES (2, 14);
INSERT INTO users_to_groups (user_id, group_id) VALUES (5, 8);
INSERT INTO users_to_groups (user_id, group_id) VALUES (6, 10);
INSERT INTO users_to_groups (user_id, group_id) VALUES (8, 9);
INSERT INTO users_to_groups (user_id, group_id) VALUES (8, 11);
INSERT INTO users_to_groups (user_id, group_id) VALUES (14, 11);
INSERT INTO users_to_groups (user_id, group_id) VALUES (8, 4);
INSERT INTO users_to_groups (user_id, group_id) VALUES (3, 14);
INSERT INTO users_to_groups (user_id, group_id) VALUES (15, 5);
